NomeAzienda;Citta;Provincia;Fatturato;DataIndagine
UNIEURO S.P.A.;Forli';FC;€ 2'659'283'000;2023-05-18
COMMERCIANTI INDIPENDENTI ASSOCIATI - SOCIETA;Forli';FC;€ 1'642'599'369;2023-05-18
CELANESE PRODUCTION ITALY S.R.L.;Forli';FC;€ 192'932'731;2023-05-18
OLITALIA S.R.L. ABBREV. ANCHE IN OLIT S.R.L.;Forli';FC;€ 181'380'034;2023-05-18
ELFI S.P.A;Forli';FC;€ 159'773'000;2023-05-18
ELFI S.P.A;Forli';FC;€ 159'773'000;2023-05-18
COROFAR DISTRIBUZIONE S.R.L.;Forli';FC;€ 131'543'000;2023-05-18
MGM MONDO DEL VINO S.P.A. SIGLABILE MGM S.P.A;Forli';FC;€ 112'556'608;2023-05-18
CLUB HOUSE ITALIA SPA;Forli';FC;€ 102'153'083;2023-05-18
FORMULA SERVIZI SOCIETA' COOPERATIVA;Forli';FC;€ 83'151'235;2023-05-18
KWS ITALIA - SOCIETA' PER AZIONI;Forli';FC;€ 81'534'130;2023-05-18
B & T S.P.A.;Forli';FC;€ 74'330'828;2023-05-18
CANTIERE DEL PARDO S.P.A.;Forli';FC;€ 71'384'389;2023-05-18
VEM SISTEMI S.P.A.;Forli';FC;€ 61'584'038;2023-05-18
CONSORZIO FRA COOPERATIVE DI PRODUZIONE E LAV;Forli';FC;€ 60'605'387;2023-05-18
DUE TIGLI S.P.A.;Forli';FC;€ 54'219'576;2023-05-18
S.G.R. MARKET S.R.L.;Forli';FC;€ 53'636'553;2023-05-18
CDP GROUP S.P.A.;Forli';FC;€ 48'485'176;2023-05-18
ROMAGNA ACQUE - SOCIETA' DELLE FONTI S.P.A.;Forli';FC;€ 46'626'245;2023-05-18
PIOLANTI TRUCK S.R.L.;Forli';FC;€ 43'624'364;2023-05-18
ZANNONI S.R.L.;Forli';FC;€ 43'495'973;2023-05-18
EFFELLE S.R.L.;Forli';FC;€ 39'735'873;2023-05-18
GIULIANI ARREDAMENTI SRL;Forli';FC;€ 37'601'407;2023-05-18
PIOLANTI S.R.L.;Forli';FC;€ 37'040'065;2023-05-18
P.I. 2000 S.R.L.;Forli';FC;€ 36'924'875;2023-05-18
CANTINA FORLI' PREDAPPIO SOCIETA' AGRICOLA CO;Forli';FC;€ 36'772'567;2023-05-18
CROMATOS - S.R.L.;Forli';FC;€ 36'402'050;2023-05-18
OSPEDALI PRIVATI FORLI' S.P.A.;Forli';FC;€ 36'369'094;2023-05-18
ALEA AMBIENTE S.P.A.;Forli';FC;€ 35'120'737;2023-05-18
GIULIANI SOCIETA' COOPERATIVA (IN SIGLA GI;Forli';FC;€ 34'686'356;2023-05-18
TORREFAZIONE LA FORLIVESE DEI F.LLI MAMBELLI;Forli';FC;€ 33'760'827;2023-05-18
ADAPA ITALY FORLI' S.P.A.;Forli';FC;€ 33'513'818;2023-05-18
COMAC - S.R.L.;Forli';FC;€ 32'820'804;2023-05-18
NEW TIME S.P.A.;Forli';FC;€ 32'501'368;2023-05-18
PERFORMANCE BOATS SRL;Forli';FC;€ 32'444'635;2023-05-18
ROMAGNAUTO S.R.L.;Forli';FC;€ 31'407'200;2023-05-18
NUOVA BASSANI - S.R.L.;Forli';FC;€ 31'222'135;2023-05-18
DOMETIC ITALY S.R.L.;Forli';FC;€ 29'402'593;2023-05-18
CEPI S.P.A.;Forli';FC;€ 28'813'440;2023-05-18
MOTION S.P.A.;Forli';FC;€ 28'138'267;2023-05-18
FIORINI INDUSTRIES S.R.L.;Forli';FC;€ 27'817'025;2023-05-18
LIFE365 ITALY S.P.A.;Forli';FC;€ 27'289'723;2023-05-18
CERACARTA - S.P.A.;Forli';FC;€ 25'926'520;2023-05-18
GAMMA ARREDAMENTI INTERNATIONAL S.P.A.;Forli';FC;€ 25'672'166;2023-05-18
CAD SOCIETA' COOPERATIVA SOCIALE O.N.L.U.S. I;Forli';FC;€ 24'540'593;2023-05-18
S.G.R. IPERMERCATI S.R.L.;Forli';FC;€ 23'991'323;2023-05-18
FORES ENGINEERING S.R.L.;Forli';FC;€ 23'974'677;2023-05-18
GEPLAST COMMUNICATION S.R.L.;Forli';FC;€ 23'788'332;2023-05-18
DIESSE ARREDAMENTI S.P.A.;Forli';FC;€ 23'575'690;2023-05-18
CONSORZIO IDRAULICI ARTIGIANI FORLIVESI SOCIE;Forli';FC;€ 22'848'510;2023-05-18
S.G.R. SUPERMERCATI S.R.L.;Forli';FC;€ 22'643'345;2023-05-18
CELLI S.P.A.;Forli';FC;€ 22'410'941;2023-05-18
S.I.A.V. RETAIL S.R.L.;Forli';FC;€ 22'040'749;2023-05-18
PRATI - S.P.A.;Forli';FC;€ 21'908'820;2023-05-18
ESSERE S.P.A.;Forli';FC;€ 21'837'569;2023-05-18
D.B. S.R.L.;Forli';FC;€ 20'926'680;2023-05-18
BORDANDINI IGINO & C. - SOCIETA' A RESPONSABI;Forli';FC;€ 20'713'093;2023-05-18
METAL WORK S.R.L.;Forli';FC;€ 20'491'430;2023-05-18
IDRO ZETA S.R.L.;Forli';FC;€ 20'320'860;2023-05-18
S.C.E.L.F. SRL;Forli';FC;€ 20'004'947;2023-05-18
CHEMIFARMA - S.P.A.;Forli';FC;€ 19'837'982;2023-05-18
VITARELAX SOCIETA' A RESPONSABILITA' LIMITATA;Forli';FC;€ 19'249'441;2023-05-18
CON ENERGIA - S.P.A.;Forli';FC;€ 19'053'375;2023-05-18
RC EXIMPORT - S.R.L.;Forli';FC;€ 18'951'720;2023-05-18
G 3 S.R.L.;Forli';FC;€ 18'098'102;2023-05-18
VALDINOCI LUIGI S.P.A.;Forli';FC;€ 17'747'880;2023-05-18
ANTICO FORNO DELLA ROMAGNA S.R.L.;Forli';FC;€ 17'204'913;2023-05-18
FORMIFICIO ROMAGNOLO - S.P.A.;Forli';FC;€ 16'767'414;2023-05-18
PULZONI AUTOFORLI' S.R.L.;Forli';FC;€ 16'509'458;2023-05-18
RINIERI S.R.L.;Forli';FC;€ 16'360'109;2023-05-18
BULLONERIE RIUNITE ROMAGNA S.P.A.;Forli';FC;€ 15'554'152;2023-05-18
INTER STOCK LAMIERE - S.R.L.;Forli';FC;€ 15'508'073;2023-05-18
ALPE S.R.L.;Forli';FC;€ 15'165'828;2023-05-18
FORLIFARMA S.P.A.;Forli';FC;€ 15'160'563;2023-05-18
LA COMMERCIALE AGRICOLA DI BILLI GIOVANNI S.P;Forli';FC;€ 14'838'323;2023-05-18
P448 S.R.L.;Forli';FC;€ 14'819'792;2023-05-18
CLUB RISTORAZIONE S.R.L.;Forli';FC;€ 14'683'994;2023-05-18
IL BENESSERE SOCIETA' A RESPONSABILITA' LIMIT;Forli';FC;€ 14'545'852;2023-05-18
PLASTIC S.R.L.;Forli';FC;€ 14'529'206;2023-05-18
FLAMIGNI - S.R.L.;Forli';FC;€ 14'251'694;2023-05-18
E' COSI' S.R.L.;Forli';FC;€ 14'204'301;2023-05-18
CNA SERVIZI FORLI'-CESENA SOCIETA' COOPERATIV;Forli';FC;€ 14'176'037;2023-05-18
AGOSTINI NAUTICA - S.R.L.;Forli';FC;€ 13'768'781;2023-05-18
MST S.R.L.;Forli';FC;€ 13'612'355;2023-05-18
MTS S.R.L.;Forli';FC;€ 13'566'523;2023-05-18
TECOMET S.R.L.;Forli';FC;€ 13'551'533;2023-05-18
CIERRE IMBOTTITI - S.R.L.;Forli';FC;€ 13'467'316;2023-05-18
BOUTIQUE DELLA CERAMICA - SALAROLI S.P.A. DEN;Forli';FC;€ 12'993'968;2023-05-18
IDROTERMICA COOP - SOCIETA' COOPERATIVA IN SI;Forli';FC;€ 12'924'324;2023-05-18
ESAL - S.R.L.;Forli';FC;€ 12'884'031;2023-05-18
ITALBONIFICHE S.P.A.;Forli';FC;€ 12'743'718;2023-05-18
BANDINI - CASAMENTI S.R.L.;Forli';FC;€ 12'718'009;2023-05-18
COMACO ITALIANA S.P.A.;Forli';FC;€ 12'698'080;2023-05-18
WBX SRL;Forli';FC;€ 12'648'077;2023-05-18
FORLI' AMBIENTE SOCIETA' COOPERATIVA;Forli';FC;€ 12'621'515;2023-05-18
LCT S.R.L.;Forli';FC;€ 12'552'895;2023-05-18
TITOLA SOCIETA' CONSORTILE A RESPONSABILITA';Forli';FC;€ 12'497'223;2023-05-18
GRAMELLINI F.LLI - S.P.A.;Forli';FC;€ 12'443'848;2023-05-18
R.O.L. S.R.L.;Forli';FC;€ 12'229'954;2023-05-18
ADISTRIBUZIONEGAS S.R.L.;Forli';FC;€ 12'136'835;2023-05-18
AURORA S.R.L.;Forli';FC;€ 11'982'129;2023-05-18
POLTRONIFICIO G. & G. S.R.L.;Forli';FC;€ 11'940'884;2023-05-18
STAIRS STUDIO S.R.L.;Forli';FC;€ 11'927'532;2023-05-18
TUBOZETA S.R.L.;Forli';FC;€ 11'821'414;2023-05-18
REPORTER - S.R.L.;Forli';FC;€ 11'733'811;2023-05-18
ARLAM S.R.L.;Forli';FC;€ 11'691'886;2023-05-18
COOP. SAPORE DI ROMAGNA - SOCIETA' AGRICOLA;Forli';FC;€ 11'677'400;2023-05-18
FORMULA SERVIZI ALLE PERSONE SOCIETA' COOPERA;Forli';FC;€ 11'438'086;2023-05-18
OLEODINAMICA FORLIVESE S.R.L.;Forli';FC;€ 11'269'242;2023-05-18
COOPERATIVA DI APPROVVIGIONAMENTO FRA PANIFIC;Forli';FC;€ 11'224'441;2023-05-18
LAMIERPRESS SRL;Forli';FC;€ 11'024'142;2023-05-18
SOLIDARIETA' INTRAPRESA SOCIETA' COOPERATIVA;Forli';FC;€ 10'858'057;2023-05-18
S.G.I. - S.R.L.;Forli';FC;€ 10'824'239;2023-05-18
EDIL ESTERNI S.R.L.;Forli';FC;€ 10'747'612;2023-05-18
CONSORZIO ELETTRICISTI ARTIGIANI ROMAGNOLO -;Forli';FC;€ 10'724'744;2023-05-18
ITALPROGRAM PLUS - S.R.L.;Forli';FC;€ 10'604'568;2023-05-18
TORRICELLI S.R.L.;Forli';FC;€ 10'571'743;2023-05-18
FUSTIFICIO FRASSINETI S.R.L.;Forli';FC;€ 10'366'319;2023-05-18
ETA-BETA S.R.L.;Forli';FC;€ 10'365'018;2023-05-18
CARTARIA FORLIVESE S.R.L.;Forli';FC;€ 10'359'967;2023-05-18
ROBINSON PLUS SRL;Forli';FC;€ 10'238'458;2023-05-18
MEDITERRANEA ENERGIA SOC. CONS. A R.L.;Forli';FC;€ 10'042'162;2023-05-18
BANDINI CUSCINETTI - SOCIETA' A RESPONSABILIT;Forli';FC;€ 9'977'215;2023-05-18
AGRIFLEX - S.R.L.;Forli';FC;€ 9'813'454;2023-05-18
COFERT - S.R.L.;Forli';FC;€ 9'657'031;2023-05-18
NUOVA S.I.D.E.R. S.R.L.;Forli';FC;€ 9'538'097;2023-05-18
BLEU LINE - SOCIETA' A RESPONSABILITA' LIMITA;Forli';FC;€ 9'495'734;2023-05-18
CELANESE SERVICES ITALY S.R.L.;Forli';FC;€ 9'321'137;2023-05-18
GIEMME SNC DI ZANETTI MAURO & C.;Forli';FC;€ 9'194'450;2023-05-18
E.R. LUX S.R.L.;Forli';FC;€ 9'178'335;2023-05-18
SIBONI S.R.L.;Forli';FC;€ 9'172'643;2023-05-18
ANOFOR S.R.L.;Forli';FC;€ 9'026'754;2023-05-18
STYLCASA SRL;Forli';FC;€ 9'015'093;2023-05-18
ZOLI DINO & C. - S.R.L.;Forli';FC;€ 8'764'377;2023-05-18
ALFAMACCHINE S.R.L.;Forli';FC;€ 8'650'575;2023-05-18
CONSORZIO ORTOFRUTTICOLO DI ROMAGNA SOCIETA';Forli';FC;€ 8'644'505;2023-05-18
GENCOM SRL;Forli';FC;€ 8'636'700;2023-05-18
LELIPLAST S.R.L.;Forli';FC;€ 8'467'310;2023-05-18
IMPRESA ORIOLI ENEA S.R.L.;Forli';FC;€ 8'454'002;2023-05-18
CONERO S.C. A R.L.;Forli';FC;€ 8'333'405;2023-05-18
ELETTRONSEA SOCIETA' COOPERATIVA;Forli';FC;€ 8'300'769;2023-05-18
ROSETTI S.R.L.;Forli';FC;€ 8'269'018;2023-05-18
NOVATEX S.R.L.;Forli';FC;€ 8'256'357;2023-05-18
COMMERCIO FRUTTA S.P.A. CONSORTILE - SOCIETA';Forli';FC;€ 8'236'342;2023-05-18
L'ANTICA CASCINA S.R.L.;Forli';FC;€ 8'222'098;2023-05-18
MEDIZOO S.R.L.;Forli';FC;€ 8'201'236;2023-05-18
C.R. BUS FORLI' - CESENA SOCIETA' COOPERATIVA;Forlimpopoli;FC;€ 8'198'056;2023-05-18
MENGOZZI S.R.L. - TORNERIA LAVORAZIONI MECCAN;Forli';FC;€ 8'076'014;2023-05-18
IMPRESA VERDE ROMAGNA S.R.L.;Forli';FC;€ 7'983'720;2023-05-18
ISOLPAV S.P.A.;Forli';FC;€ 7'847'932;2023-05-18
ROMEO LIPPI IMMOBILIARE S.R.L.;Forli';FC;€ 7'844'847;2023-05-18
G. & B. CASELLI - S.R.L.;Forli';FC;€ 7'812'664;2023-05-18
INFOTEK SRL;Forli';FC;€ 7'750'548;2023-05-18
SCIENTIA S.R.L.;Forli';FC;€ 7'600'084;2023-05-18
STEEL POOL CANTIERI S.R.L.;Forli';FC;€ 7'581'602;2023-05-18
TOZZI FRUTTA SRL;Forli';FC;€ 7'527'653;2023-05-18
ADRIATICA LOGISTICS S.R.L.;Forli';FC;€ 7'439'806;2023-05-18
PARTISANI S.R.L.;Forli';FC;€ 7'396'599;2023-05-18
DZ ENGINEERING SRL;Forli';FC;€ 7'372'631;2023-05-18
TECNOMEC S.R.L.;Forli';FC;€ 7'345'554;2023-05-18
I. ROSSI. S.R.L.;Forli';FC;€ 7'051'504;2023-05-18
FRATELLI RANUCCI - S.R.L.;Forli';FC;€ 6'979'341;2023-05-18
ROMAGNA PANNELLI - S.R.L.;Forli';FC;€ 6'955'500;2023-05-18
FLEXFOR REAL ESTATE S.R.L.;Forli';FC;€ 6'949'478;2023-05-18
EMPORIO OLEODINAMICO S.R.L.;Forli';FC;€ 6'922'131;2023-05-18
VENTURELLI ROMOLO SRL;Forli';FC;€ 6'915'338;2023-05-18
HOTEL MARE PINETA S.R.L.;Forli';FC;€ 6'892'665;2023-05-18
IBERSAN - S.R.L.;Forli';FC;€ 6'862'631;2023-05-18
CLUB DEL SOLE S.R.L.;Forli';FC;€ 6'822'988;2023-05-18
SAN GIORGIO LAMIERE S.R.L.;Forli';FC;€ 6'759'041;2023-05-18
NATURALGRASSI S.R.L.;Forli';FC;€ 6'659'262;2023-05-18
S.A.I.I.E. - S.R.L.;Forli';FC;€ 6'648'049;2023-05-18
TECNO-AVICOLA SRL;Forli';FC;€ 6'611'478;2023-05-18
SOCIETA' COOPERATIVA SOCIALE DOMUS COOP - ONL;Forli';FC;€ 6'597'436;2023-05-18
CONSORZIO ARCHIMEDE - SOCIETA' COOPERATIVA SO;Forli';FC;€ 6'532'465;2023-05-18
IMMOBILIARE AGINA S.R.L.;Forli';FC;€ 6'531'796;2023-05-18
OLIMPIA COSTRUZIONI S.R.L.;Forli';FC;€ 6'465'747;2023-05-18
GALA SOCIETA' BENEFIT A RESPONSABILITA' LIMIT;Forli';FC;€ 6'414'080;2023-05-18
TECNOACUSTICA S.R.L.;Forli';FC;€ 6'388'334;2023-05-18
INTEGRA ITALIA SRL;Forli';FC;€ 6'350'999;2023-05-18
CASTA S.R.L.;Forli';FC;€ 6'337'417;2023-05-18
DEPURATORE VALTROMPIA SOCIETA' CONSORTILE A R;Forli';FC;€ 6'322'203;2023-05-18
P. AUTO S.R.L.;Forli';FC;€ 6'301'346;2023-05-18
SOFTER COLOR - S.R.L.;Forli';FC;€ 6'222'780;2023-05-18
R.F. RESINA FORLIVESE S.R.L.;Forli';FC;€ 6'206'444;2023-05-18
VENTURI SRL;Forli';FC;€ 6'204'928;2023-05-18
MEDOC SRL;Forli';FC;€ 6'179'030;2023-05-18
LAFOR - SOCIETA' A RESPONSABILITA' LIMITATA;Forli';FC;€ 6'167'479;2023-05-18
MAR PRODUZIONI S.R.L.;Forli';FC;€ 6'112'782;2023-05-18
MENTOR S.R.L.;Forli';FC;€ 6'111'199;2023-05-18
G.P.S. ENGINEERING S.R.L.;Forli';FC;€ 6'023'537;2023-05-18
OMNIA - SOCIETA' A RESPONSABILITA' LIMITATA;Forli';FC;€ 6'002'434;2023-05-18
PUBBLIFEST - SOCIETA' COOPERATIVA PER AZIONI;Forli';FC;€ 5'973'909;2023-05-18
BOVELACCI S.R.L.;Forli';FC;€ 5'947'489;2023-05-18
IMMOBILIARE SAN MERCURIALE S.R.L.;Forli';FC;€ 5'921'020;2023-05-18
GARAVINI SRL;Forli';FC;€ 5'785'365;2023-05-18
FOR.B SOCIETA' COOPERATIVA SOCIALE - IMPRESA;Forli';FC;€ 5'768'703;2023-05-18
METAL SERVICE - S.R.L.;Forli';FC;€ 5'763'951;2023-05-18
ETICA'S S.R.L.;Forli';FC;€ 5'760'174;2023-05-18
RTS - REMOTE TERMINAL SYSTEM S.R.L.;Forli';FC;€ 5'660'708;2023-05-18
NAVICO FORLI' S.R.L.;Forli';FC;€ 5'601'365;2023-05-18
IL PANIFICIO DI CAMILLO S.R.L.;Forli';FC;€ 5'585'770;2023-05-18
OPERA S.R.L.;Forli';FC;€ 5'577'124;2023-05-18
BLOKRESINE S.R.L.;Forli';FC;€ 5'563'775;2023-05-18
VISANI IDROSANITARI RISCALDAMENTO DI ROBERTO;Forli';FC;€ 5'556'721;2023-05-18
PROECO SRL;Forli';FC;€ 5'543'244;2023-05-18
GLOBAL SISTEMI S.R.L.;Forli';FC;€ 5'510'977;2023-05-18
IDEALTERMO S.R.L.;Forli';FC;€ 5'487'380;2023-05-18
GRAFICHE MDM - S.R.L. SOCIETA' BENEFIT O IN F;Forli';FC;€ 5'460'429;2023-05-18
J.J.L. CATAMARANS SRL;Forli';FC;€ 5'440'373;2023-05-18
EDILCAPACCI S.R.L.;Forli';FC;€ 5'332'701;2023-05-18
COMMERCIO FRUTTA DI ROMAGNA S.R.L.;Forli';FC;€ 5'263'581;2023-05-18
IPERPNEUS S.R.L.;Forli';FC;€ 5'260'894;2023-05-18
ENERGIA COMPOSITA SRL;Forli';FC;€ 5'232'327;2023-05-18
SMEV S.R.L.;Forli';FC;€ 5'228'263;2023-05-18
LEONI S.P.A.;Forli';FC;€ 5'225'370;2023-05-18
FIORINI IMBALLAGGI S.R.L.;Forli';FC;€ 5'169'333;2023-05-18
FMI S.R.L.;Forli';FC;€ 5'164'397;2023-05-18
TRASCOOP TRASPORTI SOCIETA' COOPERATIVA IN SI;Forli';FC;€ 5'119'449;2023-05-18
DESIGNED FOR LIVING S.R.L.;Forli';FC;€ 5'103'218;2023-05-18
FRIGOTERMICA S.R.L.;Forli';FC;€ 5'092'618;2023-05-18
STAMPRES - S.R.L.;Forli';FC;€ 5'072'989;2023-05-18
ISOLCENTER S.R.L.;Forli';FC;€ 5'052'910;2023-05-18
MANCINI MARIA S.R.L.;Forli';FC;€ 5'052'527;2023-05-18
GUANTIFICIO DUE ESSE S.R.L.;Forli';FC;€ 5'049'264;2023-05-18
VIGNOLI - S.R.L.;Forli';FC;€ 5'034'653;2023-05-18
F.T.F. AUTOTRASPORTI S.R.L.;Forli';FC;€ 5'029'271;2023-05-18
ARTIGIANFERRO S.R.L.;Forli';FC;€ 5'020'800;2023-05-18
JRDL ITALY S.R.L.;Forli';FC;€ 5'009'477;2023-05-18
SOLES TECH. SOCIETA' COOPERATIVA;Forli';FC;€ 4'983'783;2023-05-18
STC POWER S.R.L.;Forli';FC;€ 4'924'000;2023-05-18
GIOVANE STRADA S.R.L.;Forli';FC;€ 4'844'504;2023-05-18
ORIGIN STB SRL;Forli';FC;€ 4'838'695;2023-05-18
C.C.S. - S.R.L.;Forli';FC;€ 4'745'166;2023-05-18
GESTIONE COMPLESSI COMMERCIALI S.R.L.;Forli';FC;€ 4'717'637;2023-05-18
METALCOOP - SOCIETA' COOPERATIVA IN SIGLA MET;Forli';FC;€ 4'701'108;2023-05-18
ENERLEGNO S.R.L.;Forli';FC;€ 4'677'928;2023-05-18
NAUTIC - SOCIETA' A RESPONSABILITA' LIMITATA;Forli';FC;€ 4'650'588;2023-05-18
CASADEI & PELLIZZARO - S.R.L.;Forli';FC;€ 4'642'348;2023-05-18
CCB SOCIETA' COOPERATIVA;Forli';FC;€ 4'631'940;2023-05-18
CONSTRUCTA SISTEMI SOCIETA' A RESPONSABILITA';Forli';FC;€ 4'627'871;2023-05-18
ITALPOSA S.R.L.;Forli';FC;€ 4'613'450;2023-05-18
PRIMUS FORLI' MEDICAL CENTER S.R.L.;Forli';FC;€ 4'608'915;2023-05-18
PRIMUS FORLI' MEDICAL CENTER S.R.L.;Forli';FC;€ 4'608'915;2023-05-18
INTERAVI S.R.L.;Forli';FC;€ 4'575'551;2023-05-18
ROMAGNA MACCHINE SERVICE SOCIETA' A RESPONSAB;Forli';FC;€ 4'570'884;2023-05-18
MIDA' S.R.L.;Forli';FC;€ 4'566'517;2023-05-18
PREFABBRICATI SANTERNO - S.R.L.;Forli';FC;€ 4'555'391;2023-05-18
ECOTECH ITALIA S.R.L.;Forli';FC;€ 4'540'885;2023-05-18
MANGIMI VALMORI S.R.L. IN LIQUIDAZIONE;Forli';FC;€ 4'532'358;2023-05-18
ADRIA SYSTEM - S.R.L.;Forli';FC;€ 4'524'326;2023-05-18
GIERRE PACK S.R.L.;Forli';FC;€ 4'492'528;2023-05-18
ECOTECNICA SRL;Forli';FC;€ 4'482'691;2023-05-18
RICCI & GUARDIGLI - S.R.L.;Forli';FC;€ 4'431'959;2023-05-18
PIRRONE S.R.L.;Forli';FC;€ 4'417'130;2023-05-18
COIBENT PLASTIC S.R.L.;Forli';FC;€ 4'405'198;2023-05-18
ASTOR - POLTRONE E DIVANI S.R.L.;Forli';FC;€ 4'401'940;2023-05-18
TECNESA S.R.L.;Forli';FC;€ 4'385'147;2023-05-18
SANINVEST GROUP S.R.L.;Forli';FC;€ 4'361'475;2023-05-18
COMEC SRL;Forli';FC;€ 4'344'500;2023-05-18
COSTRUZIONI GENERALI NERI S.R.L.;Forli';FC;€ 4'335'751;2023-05-18
CEDAX - SOCIETA' A RESPONSABILITA' LIMITATA;Forli';FC;€ 4'317'200;2023-05-18
SGARZANI & C. S.R.L.;Forli';FC;€ 4'311'713;2023-05-18
HAUMEA S.R.L.;Forli';FC;€ 4'294'480;2023-05-18
FORLIVESE INFISSI SRL;Forli';FC;€ 4'283'245;2023-05-18
FREE SRL;Forli';FC;€ 4'281'106;2023-05-18
CONFARTIGIANATO SERVIZI FORLI' - SOCIETA' COO;Forli';FC;€ 4'278'456;2023-05-18
PROTEX ITALIA S.R.L.;Forli';FC;€ 4'230'721;2023-05-18
TIRRENO GEST S.R.L.;Forli';FC;€ 4'206'659;2023-05-18
VENEROM S.R.L.;Forli';FC;€ 4'200'555;2023-05-18
ROMAGNOLA PROFUMI S.R.L.;Forli';FC;€ 4'187'839;2023-05-18
VIGNOLI GRAF S.R.L.;Forli';FC;€ 4'147'324;2023-05-18
L. D. LOGISTIC SRL;Forli';FC;€ 4'142'658;2023-05-18
GAZZONI S.R.L.;Forli';FC;€ 4'109'764;2023-05-18
GAZZONI S.R.L.;Forli';FC;€ 4'109'764;2023-05-18
OTOSAN SRL;Forli';FC;€ 4'102'570;2023-05-18
CENTRO DENTISTICO ROMAGNOLO S.R.L.;Forli';FC;€ 4'008'263;2023-05-18
TREOTTOUNO SOCIETA' COOPERATIVA SOCIALE O.N.L;Forli';FC;€ 3'973'318;2023-05-18
QUARZO S.R.L. - IN LIQUIDAZIONE;Forli';FC;€ 3'950'000;2023-05-18
BARTOLETTI RIMORCHI S.R.L.;Forli';FC;€ 3'948'871;2023-05-18
COR SOCIETA' COOPERATIVA AGRICOLA;Forli';FC;€ 3'930'106;2023-05-18
GORINI SRL POLTRONE E DIVANI;Forli';FC;€ 3'920'584;2023-05-18
GESTHOLDING S.R.L.;Forli';FC;€ 3'860'468;2023-05-18
ELETTRONICA CORTESI SOCIETA' A RESPONSABILITA;Forli';FC;€ 3'852'595;2023-05-18
CLIMATEK SRL;Forli';FC;€ 3'840'846;2023-05-18
MODULGRAFICA FORLIVESE S.P.A.;Forli';FC;€ 3'838'754;2023-05-18
TOKITA SEMENTI ITALIA S.R.L.;Forli';FC;€ 3'825'484;2023-05-18
ROMAGNA FACILITY MANAGEMENT SOCIETA CONSORTIL;Forli';FC;€ 3'785'953;2023-05-18
MAGLIFICIO PINI S.R.L.;Forli';FC;€ 3'760'240;2023-05-18
TRE CIVETTE GLOBAL SERVICE S.A.S. DI SHOW SER;Forli';FC;€ 3'758'991;2023-05-18
I SARTISTI SRL;Forli';FC;€ 3'746'456;2023-05-18
STAR GRAFIC - SOCIETA' A RESPONSABILITA' LIMI;Forli';FC;€ 3'731'967;2023-05-18
AT.ED. 2 S.R.L.;Forli';FC;€ 3'623'054;2023-05-18
EGAF EDIZIONI - S.R.L.;Forli';FC;€ 3'616'649;2023-05-18
COLOR LIFE S.R.L.;Forli';FC;€ 3'597'011;2023-05-18
GIGLIOLI COLORI S.R.L.;Forli';FC;€ 3'572'110;2023-05-18
TECNO SERVICE S.R.L.;Forli';FC;€ 3'499'978;2023-05-18
TFA SERVICE S.R.L.;Forli';FC;€ 3'451'989;2023-05-18
SAMORANI S.R.L.;Forli';FC;€ 3'447'596;2023-05-18
SAMORANI S.R.L.;Forli';FC;€ 3'447'596;2023-05-18
F.LLI TURCHI - S.R.L.;Forli';FC;€ 3'446'262;2023-05-18
WWW.ROBINSONPETSHOP.IT SRL;Forli';FC;€ 3'439'555;2023-05-18
TRADING SOCIETA' A RESPONSABILITA' LIMITATA;Forli';FC;€ 3'422'840;2023-05-18
UTENSILMEC S.R.L.;Forli';FC;€ 3'417'421;2023-05-18
COOPERATIVA DI SOLIDARIETA' SOCIALE PAOLO B;Forli';FC;€ 3'414'383;2023-05-18
A-PLUS AUTOMATION S.R.L.;Forli';FC;€ 3'373'587;2023-05-18
RIDERS S.R.L.;Forli';FC;€ 3'359'674;2023-05-18
NEW E.D.P. SRL;Forli';FC;€ 3'357'083;2023-05-18
SUPERGAS - S.R.L.;Forli';FC;€ 3'333'570;2023-05-18
STAR AUTO SERVICE S.R.L.;Forli';FC;€ 3'326'329;2023-05-18
CBWEED S.R.L.;Forli';FC;€ 3'318'736;2023-05-18
G R SERVICE S.R.L.;Forli';FC;€ 3'243'956;2023-05-18
RUFFILLI & RUFFILLI S.R.L.;Forli';FC;€ 3'230'472;2023-05-18
GUARDIGLI MOSAICO ASSICURA SRL;Forli';FC;€ 3'219'875;2023-05-18
CO.STELL S.R.L.;Forli';FC;€ 3'214'994;2023-05-18
GIRASOLE S.R.L.;Forli';FC;€ 3'200'000;2023-05-18
GIRASOLE S.R.L.;Forli';FC;€ 3'200'000;2023-05-18
STORK GEST S.R.L.;Forli';FC;€ 3'198'972;2023-05-18
UNIRIG S.R.L.;Forli';FC;€ 3'198'689;2023-05-18
GRAZIANI S.R.L.;Forli';FC;€ 3'164'850;2023-05-18
UNIVERSAL G. S.R.L.;Forli';FC;€ 3'162'109;2023-05-18
COOPERATIVA SOCIALE TRAGITTI - SOCIETA' COOPE;Forli';FC;€ 3'134'168;2023-05-18
FORMEC INDUSTRY SRL;Forli';FC;€ 3'132'417;2023-05-18
ITALPAK S.R.L.;Forli';FC;€ 3'111'469;2023-05-18
SASSI S.R.L.;Forli';FC;€ 3'107'768;2023-05-18
VINCENZO SOSPIRI RACING SRL;Forli';FC;€ 3'103'599;2023-05-18
SWEET DREAMS SRL;Forli';FC;€ 3'099'280;2023-05-18
CANTIERE NAUTICO FORLIVESE DI ZANONI MAURIZIO;Forli';FC;€ 3'059'880;2023-05-18
CENTO FIORI SRL;Forli';FC;€ 3'050'503;2023-05-18
BETTI SRL;Forli';FC;€ 3'039'530;2023-05-18
CASAITALIA S.R.L.;Forli';FC;€ 3'027'422;2023-05-18
PLASFOR S.R.L.;Forli';FC;€ 3'021'811;2023-05-18
FRATELLI BAZZOCCHI S.R.L.;Forli';FC;€ 2'972'751;2023-05-18
BLOOMFIELD S.R.L.;Forli';FC;€ 2'964'013;2023-05-18
R.A.M. S.R.L.;Forli';FC;€ 2'962'234;2023-05-18
SERIGLASS - S.R.L.;Forli';FC;€ 2'956'652;2023-05-18
CIANI ARREDAMENTI S.R.L.;Forli';FC;€ 2'943'724;2023-05-18
IMPRENDITORI COMMERCIALI E TURISTICI ASSOCIAT;Forli';FC;€ 2'913'618;2023-05-18
ART ALLUMINIO S.R.L.;Forli';FC;€ 2'903'144;2023-05-18
CIVITAS SRL;Forli';FC;€ 2'881'413;2023-05-18
LEONCINI ASTUCCI S.R.L.;Forli';FC;€ 2'881'231;2023-05-18
FINE HOSPITALITY S.R.L.;Forli';FC;€ 2'862'682;2023-05-18
GROSSCOLOR S.R.L.;Forli';FC;€ 2'857'939;2023-05-18
TONELLI ECOLOGY S.R.L.;Forli';FC;€ 2'857'798;2023-05-18
DALL'AGATA DANIELE - S.R.L.;Forli';FC;€ 2'837'963;2023-05-18
CAVAREI SOCIETA' COOPERATIVA SOCIALE IMPRESA;Forli';FC;€ 2'820'213;2023-05-18
MANINVEST S.R.L.;Forli';FC;€ 2'820'012;2023-05-18
S.E.M. - S.R.L.;Forli';FC;€ 2'814'666;2023-05-18
SOLUZIONI MECCANICHE SRL;Forli';FC;€ 2'800'338;2023-05-18
METALMECCANICA ROSSI S.R.L.;Forli';FC;€ 2'781'957;2023-05-18
L.I.F. S.R.L.;Forli';FC;€ 2'765'602;2023-05-18
ZANNONI SERVIZI S.R.L.;Forli';FC;€ 2'733'346;2023-05-18
MAZZOTTI S.R.L.;Forli';FC;€ 2'729'294;2023-05-18
FARMACIA DEL RONCO S.R.L.;Forli';FC;€ 2'697'104;2023-05-18
TECNOGOMMA S.R.L.;Forli';FC;€ 2'680'442;2023-05-18
BALDINI GOMME - S.R.L.;Forli';FC;€ 2'677'718;2023-05-18
TECNOMAC GROUP S.R.L.;Forli';FC;€ 2'676'047;2023-05-18
CIPI' S.R.L.;Forli';FC;€ 2'675'160;2023-05-18
C.L.A.V.R. SOCIETA' CONSORTILE A RESPONSABILI;Forli';FC;€ 2'670'316;2023-05-18
BOOKMARK S.R.L.;Forli';FC;€ 2'670'169;2023-05-18
CAMERANI & CORNACCHIA GROUP S.R.L.;Forli';FC;€ 2'669'495;2023-05-18
IMMOBILIARE COF.CON - SOCIETA' A RESPONSABILI;Forli';FC;€ 2'658'877;2023-05-18
CONSORZIO SOLIDARIETA' SOCIALE FORLI'-CESE;Forli';FC;€ 2'654'887;2023-05-18
ROMACOLOR - S.R.L.;Forli';FC;€ 2'651'026;2023-05-18
BEST FASHION SRL;Forli';FC;€ 2'644'615;2023-05-18
MADEL INTERNATIONAL S.R.L.;Forli';FC;€ 2'619'006;2023-05-18
SEICO COMPOSITI S.R.L.;Forli';FC;€ 2'610'605;2023-05-18
MORIGI ROBERTO S.R.L. - SPEDIZIONI INTERNAZIO;Forli';FC;€ 2'609'397;2023-05-18
MD PROJECT S.R.L.;Forli';FC;€ 2'600'680;2023-05-18
MAGIC STORE SOCIETA' A RESPONSABILITA' LIMITA;Forli';FC;€ 2'589'988;2023-05-18
EUROGAMES S.R.L.;Forli';FC;€ 2'568'911;2023-05-18
B E C - S.R.L.;Forli';FC;€ 2'564'826;2023-05-18
BONAVITA SERVIZI S.R.L.;Forli';FC;€ 2'560'771;2023-05-18
FASE SERVICE SOCIETA' A RESPONSABILITA' LIMIT;Forli';FC;€ 2'559'697;2023-05-18
ACQUAPLUS S.R.L.;Forli';FC;€ 2'526'201;2023-05-18
BEST FOREVER S.R.L.;Forli';FC;€ 2'512'858;2023-05-18
BALDONI BIKE SHOP S.R.L.;Forli';FC;€ 2'492'900;2023-05-18
GEMELLI SALOTTI S.R.L.;Forli';FC;€ 2'483'925;2023-05-18
ASTRO S.R.L.;Forli';FC;€ 2'469'144;2023-05-18
A.R.C.A. S.R.L.;Forli';FC;€ 2'467'316;2023-05-18
MOKA-RICA - S.P.A.;Forli';FC;€ 2'464'713;2023-05-18
I.SA.F. LINEA BAGNO S.R.L.;Forli';FC;€ 2'454'103;2023-05-18
SELA GROUP S.R.L.;Forli';FC;€ 2'435'853;2023-05-18
INCUBATOIO FAENTINO S.R.L. SOCIETA' AGRICOLA;Forli';FC;€ 2'432'611;2023-05-18
APA-CT S.R.L.;Forli';FC;€ 2'427'147;2023-05-18
GESTIONE CARTE CONAD SOCIETA' A RESPONSABILIT;Forli';FC;€ 2'406'441;2023-05-18
ANTINCENDIO E SICUREZZA - S.R.L.;Forli';FC;€ 2'405'433;2023-05-18
OLD BOY S.R.L.;Forli';FC;€ 2'397'561;2023-05-18
TRUCK CENTER SRL;Forli';FC;€ 2'387'753;2023-05-18
LAVORO E AMBIENTE S.R.L. . ESSA POTRA' ANCHE;Forli';FC;€ 2'380'043;2023-05-18
ITALSIGMA S.R.L.;Forli';FC;€ 2'379'922;2023-05-18
I.C.O.S. S.R.L.;Forli';FC;€ 2'347'758;2023-05-18
MONDOAUTO SRL;Forli';FC;€ 2'329'351;2023-05-18
ESTADOS CAFE' SRL;Forli';FC;€ 2'325'571;2023-05-18
GENDATA SRL;Forli';FC;€ 2'310'671;2023-05-18
CENTRO RADIO T.V. CASADEI - SOCIETA' A RESPON;Forli';FC;€ 2'309'312;2023-05-18
NORCINO SRL;Forli';FC;€ 2'302'165;2023-05-18
M.G.K. S.R.L.;Forli';FC;€ 2'290'236;2023-05-18
FRONTERETRO S.R.L.;Forli';FC;€ 2'288'696;2023-05-18
ARES DISTRIBUTION S.R.L.;Forli';FC;€ 2'279'571;2023-05-18
BARZANTI E GESSI S.R.L.;Forli';FC;€ 2'264'625;2023-05-18
CONSORZIO C.D.S.E. CONSORZIO DI SERVIZI EDILI;Forli';FC;€ 2'259'139;2023-05-18
COSTRUZIONI CALABRESE S.R.L.;Forli' del sannio;IS;€ 2'253'645;2023-05-18
SARA IMMOBILIARE S.R.L.;Forli';FC;€ 2'250'000;2023-05-18
SALVETTI S.R.L.;Forli';FC;€ 2'248'179;2023-05-18
SIMET S.R.L.;Forli' del sannio;IS;€ 2'229'802;2023-05-18
PUBBLIGRAF SAS DI GIACCHINI ANGELO & C.;Forli';FC;€ 2'221'853;2023-05-18
GESTINT S.R.L.;Forli';FC;€ 2'221'798;2023-05-18
CITY CAR S.R.L.;Forli';FC;€ 2'220'173;2023-05-18
COMETA SOCIETA' A RESPONSABILITA' LIMITATA;Forli';FC;€ 2'190'711;2023-05-18
BENASSATI GABRIELE S.R.L.;Forli';FC;€ 2'177'948;2023-05-18
AUTOFORNITURE SILVESTRI MARIO S.R.L.;Forli';FC;€ 2'170'704;2023-05-18
LA BERSAGLIERA SOCIETA' AGRICOLA S.R.L.;Forli';FC;€ 2'156'840;2023-05-18
S.E.D.I. S.R.L.;Forli';FC;€ 2'132'921;2023-05-18
ODESSA S.R.L.;Forli';FC;€ 2'132'229;2023-05-18
ALB POSA S.R.L.;Forli';FC;€ 2'128'425;2023-05-18
MERCERIA 2000 - S.R.L.;Forli';FC;€ 2'128'055;2023-05-18
CASTIGLIONE GEST S.R.L.;Forli';FC;€ 2'117'094;2023-05-18
CENTERCOLD - S.R.L.;Forli';FC;€ 2'106'461;2023-05-18
ITA - CA S.R.L.;Forli';FC;€ 2'093'668;2023-05-18
EMPORIO DELLA GOMMA E DELLA PLASTICA - S.R.L.;Forli';FC;€ 2'088'042;2023-05-18
F.G.M. AUTOTRASPORTI E LOGISTICA SRL;Forli';FC;€ 2'087'386;2023-05-18
ZAL TELECOMUNICAZIONI DI C.F.O. SRL;Forli';FC;€ 2'073'332;2023-05-18
MEG SERVICE SRL;Forli';FC;€ 2'069'532;2023-05-18
COLORIFICIO RILECO SRL;Forli';FC;€ 2'057'570;2023-05-18
L'EDILE S.R.L.;Forli';FC;€ 2'052'401;2023-05-18
S.A.I.C.I. SRL;Forli';FC;€ 2'051'849;2023-05-18
NUOVA MECCANICA FORLIVESE S.R.L.;Forli';FC;€ 2'025'863;2023-05-18
NUOVA SALFEP SRL;Forli';FC;€ 2'023'329;2023-05-18
TELONERIA FORLIVESE S.R.L.;Forli';FC;€ 2'017'943;2023-05-18
D.F. ELETTROTECNICA S.R.L.;Forli';FC;€ 2'016'529;2023-05-18
PES REAL ESTATE SRL;Forli';FC;€ 2'014'042;2023-05-18
OFFICINA DEI SAPORI S.R.L. IN LIQUIDAZIONE;Forli';FC;€ 2'006'994;2023-05-18
"""PUNTADIFERRO""";Forli';FC;€ 2'003'452;2023-05-18
CALBUCCI CESARE & C. S.R.L.;Forli';FC;€ 2'000'689;2023-05-18
BIONDI TESSUTI SRL;Forli';FC;€ 1'998'797;2023-05-18
SO.E.TECH. SRL;Forli';FC;€ 1'989'907;2023-05-18
ROMAGNA MUSICA SOCIETA' COOPERATIVA IN SIGLA;Forli';FC;€ 1'988'307;2023-05-18
KYNETOS S.R.L.;Forli';FC;€ 1'986'768;2023-05-18
AURORA - S.R.L.;Forli';FC;€ 1'986'562;2023-05-18
LOG 80 S.R.L.;Forli';FC;€ 1'964'965;2023-05-18
MECCANICA ORLANDI S.R.L.;Forli';FC;€ 1'947'211;2023-05-18
BRAINS SRL;Forli';FC;€ 1'903'724;2023-05-18
GARDINI FOODSERVICE S.R.L.;Forli';FC;€ 1'898'711;2023-05-18
MRS.OFA' S.R.L.;Forli';FC;€ 1'898'251;2023-05-18
PAPAFASHION SRL;Forli';FC;€ 1'890'265;2023-05-18
T.T.T. TOTAL TRANSFER TECHNOLOGY S.R.L.;Forli';FC;€ 1'888'274;2023-05-18
AROMATICA S.R.L.;Forli';FC;€ 1'887'505;2023-05-18
PROFESSIONE VOLARE S.R.L.;Forli';FC;€ 1'880'756;2023-05-18
CELESTE COSTRUZIONI S.R.L.;Forli';FC;€ 1'875'229;2023-05-18
PRM S.R.L.;Forli';FC;€ 1'863'542;2023-05-18
MOSCHINI, PIEROTTI E PRATESI - S.R.L.;Forli';FC;€ 1'863'182;2023-05-18
COLOR YACHT SRL;Forli';FC;€ 1'840'907;2023-05-18
TECFIN S.R.L.;Forli';FC;€ 1'834'980;2023-05-18
DEDALO DUE SOCIETA' CONSORTILE A RESPONSABILI;Forli';FC;€ 1'832'221;2023-05-18
SALUTE E LAVORO - SOCIETA' COOPERATIVA;Forli';FC;€ 1'831'591;2023-05-18
DESIDERIO IMPIANTI S.R.L.;Forli';FC;€ 1'827'794;2023-05-18
WIZARD S.R.L.;Forli';FC;€ 1'824'262;2023-05-18
MENABO' GROUP S.R.L.;Forli';FC;€ 1'822'994;2023-05-18
MAGICLA SRL;Forli';FC;€ 1'819'794;2023-05-18
METALTEMPRA S.R.L.;Forli';FC;€ 1'788'581;2023-05-18
VEBA SISTEMI S.R.L.;Forli';FC;€ 1'785'006;2023-05-18
BALESTRI & BALESTRI - CAV. BALESTRI LUIGI S.R;Forli';FC;€ 1'783'234;2023-05-18
BAITH SRL;Forli';FC;€ 1'782'628;2023-05-18
FILOGRAF ARTI GRAFICHE S.R.L.;Forli';FC;€ 1'777'503;2023-05-18
NUOVA ELETTRICITA' AUTO - S.R.L.;Forli';FC;€ 1'776'516;2023-05-18
TRIAL S.R.L.;Forli';FC;€ 1'768'022;2023-05-18
BRAL CARTOTECNICA - S.R.L.;Forli';FC;€ 1'763'409;2023-05-18
MANIFATTURA VALPADANA PEZZOLI S.R.L.;Forli';FC;€ 1'763'208;2023-05-18
ACCADEMIA PERDUTA-ROMAGNA TEATRI- SOCIETA' CO;Forli';FC;€ 1'760'513;2023-05-18
TRE CIVETTE ALLESTIMENTI SRL;Forli';FC;€ 1'754'083;2023-05-18
WFR DISTRIBUZIONE ITALIA SRL;Forli';FC;€ 1'739'921;2023-05-18
ECOLEGNO FORLI' SOCIETA' A RESPONSABILITA';Forli';FC;€ 1'731'083;2023-05-18
OPTIMA S.R.L.;Forli';FC;€ 1'723'365;2023-05-18
MARTAC S.R.L.;Forli';FC;€ 1'717'470;2023-05-18
ALICE COSTRUZIONI SOCIETA' A RESPONSABILITA';Forli';FC;€ 1'715'667;2023-05-18
ELETTROMECCANICA ARTIGIANA S.R.L.;Forli';FC;€ 1'714'322;2023-05-18
IMMOBILIARE SECURITY S.R.L.;Forli';FC;€ 1'710'000;2023-05-18
DESENZANO GEST S.R.L.;Forli';FC;€ 1'709'038;2023-05-18
COSTAMP - SOCIETA' A RESPONSABILITA' LIMITATA;Forli';FC;€ 1'709'007;2023-05-18
F.A.M. RETI S.R.L.;Forli';FC;€ 1'705'969;2023-05-18
LEONI SOCIETA' A RESPONSABILITA' LIMITATA;Forli';FC;€ 1'704'063;2023-05-18
METAL GROUP - S.R.L.;Forli';FC;€ 1'698'782;2023-05-18
COOPERATIVA SOCIALE ABBRACCI SOCIETA' COOPERA;Forli';FC;€ 1'689'885;2023-05-18
EIDOS22 S.R.L.;Forli';FC;€ 1'687'578;2023-05-18
PROTEO S.R.L.;Forli';FC;€ 1'681'815;2023-05-18
FORLISTAR - S.R.L.;Forli';FC;€ 1'665'512;2023-05-18
COROFAR - COOPERATIVA DI SERVIZI ALLE FARMACI;Forli';FC;€ 1'664'412;2023-05-18
ELCO SISTEMI S.R.L.;Forli';FC;€ 1'658'030;2023-05-18
EUROFORAGGI SOCIETA' AGRICOLA S.R.L.;Forli';FC;€ 1'649'160;2023-05-18
IMMOBILIARE MEDITERRANEO - SOCIETA' A RESPONS;Forli';FC;€ 1'646'456;2023-05-18
GENEA SISTEMI SOCIETA' CONSORTILE A R.L.;Forli';FC;€ 1'644'836;2023-05-18
TEOREMA DI FORLI' - S.R.L.;Forli';FC;€ 1'641'868;2023-05-18
PANTERINI IVAN S.R.L.;Forli';FC;€ 1'635'870;2023-05-18
MONTEVECCHI FORLI' S.R.L.;Forli';FC;€ 1'632'957;2023-05-18
MELOZZO S.R.L.;Forli';FC;€ 1'631'845;2023-05-18
ATHESIS SOCIETA' COOPERATIVA;Forli';FC;€ 1'631'500;2023-05-18
BERTACCINI S.R.L.;Forli';FC;€ 1'615'949;2023-05-18
DIAMANT S.R.L.;Forli';FC;€ 1'607'760;2023-05-18
KRONOS S.R.L.;Forli';FC;€ 1'603'806;2023-05-18
FORLIVE S.R.L.;Forli';FC;€ 1'593'708;2023-05-18
IC GROUP SRL;Forli';FC;€ 1'592'246;2023-05-18
NEWOXI S.R.L.;Forli';FC;€ 1'591'409;2023-05-18
PAC SRL;Forli';FC;€ 1'586'238;2023-05-18
AGF SOCIETA' A RESPONSABILITA' LIMITATA SEMPL;Forli';FC;€ 1'583'803;2023-05-18
ARIES SALOTTI S.R.L. SOCIETA' UNIPERSONALE I;Forli';FC;€ 1'566'073;2023-05-18
JF SOUND S.R.L.;Forli';FC;€ 1'565'181;2023-05-18
A.D. SERVICE S.R.L.;Forli';FC;€ 1'555'446;2023-05-18
CAMPODELSOLE S.R.L. SOCIETA' AGRICOLA;Forli';FC;€ 1'552'121;2023-05-18
AQUAMET SOCIETA PER AZIONI;Forli';FC;€ 1'551'744;2023-05-18
STAR TRAC S.R.L.;Forli';FC;€ 1'546'575;2023-05-18
MYDEV S.R.L.;Forli';FC;€ 1'545'565;2023-05-18
NEW HOME SRL;Forli';FC;€ 1'541'540;2023-05-18
XEDA ITALIA S.R.L.;Forli';FC;€ 1'533'697;2023-05-18
CLAUS SRL;Forli';FC;€ 1'522'718;2023-05-18
SOMEC TRASPORTI S.R.L.;Forli';FC;€ 1'513'788;2023-05-18
COOPERATIVA ARTE MURARIA - SOCIETA' COOPERATI;Forli';FC;€ 1'502'734;2023-05-18
MADRE SPERANZA - COOPERATIVA SOCIALE A R.L.;Forli';FC;€ 1'498'926;2023-05-18
STC - SERVIZI E TECNOLOGIE DEI CONTROLLI SRL;Forli';FC;€ 1'496'193;2023-05-18
AUTOPRATIKA - S.R.L.;Forli';FC;€ 1'491'259;2023-05-18
EVENTI S.R.L.;Forli';FC;€ 1'490'311;2023-05-18
NI.MA. S.R.L.;Forli';FC;€ 1'489'823;2023-05-18
EMMECI SRL;Forli';FC;€ 1'487'868;2023-05-18
ESSE AUTO SOCIETA' A RESPONSABILITA' LIMITATA;Forli';FC;€ 1'485'260;2023-05-18
MONDO COPERTURE S.R.L.;Forli';FC;€ 1'480'830;2023-05-18
UNICA BIO S.R.L.;Forli';FC;€ 1'479'446;2023-05-18
M.PANTANO S.R.L.;Forli';FC;€ 1'478'295;2023-05-18
GRUPPO PALLETS SRLS UNIPERSONALE;Forli';FC;€ 1'471'548;2023-05-18
COOPERATIVA SOCIALE L'ACCOGLIENZA SOCIETA' CO;Forli';FC;€ 1'471'171;2023-05-18
WOK YO YO - S.R.L.;Forli';FC;€ 1'469'799;2023-05-18
SCAM S.R.L.;Forli';FC;€ 1'467'405;2023-05-18
N.I.S.A. NUOVA INDUSTRIA SELLE ED AFFINI - S.;Forli';FC;€ 1'448'238;2023-05-18
FOTOVOLTAICO PORTO ANCONA SRL;Forli';FC;€ 1'447'272;2023-05-18
IDRAULICA FERNANDO GUARDIGLI S.R.L.;Forli';FC;€ 1'436'129;2023-05-18
ACCADEMIA ACROBATICA S.R.L.;Forli';FC;€ 1'434'691;2023-05-18
BAGIONI ARCHIMEDE S.R.L.;Forli';FC;€ 1'432'173;2023-05-18
KREO S.R.L.;Forli';FC;€ 1'427'278;2023-05-18
YACHT BUILDING S.R.L. IN LIQUIDAZIONE;Forli';FC;€ 1'422'565;2023-05-18
CORTINI & FARNETI ENERGY SERVICE S.R.L.;Forli';FC;€ 1'422'147;2023-05-18
EMPORIO DELL'AUTO S.R.L.;Forli';FC;€ 1'416'437;2023-05-18
AREAPAGHE S.R.L.;Forli';FC;€ 1'415'781;2023-05-18
UNITECNA INDUSTRY - S.R.L.;Forli';FC;€ 1'414'875;2023-05-18
"""SOLUZIONI SISTEMI FORLI' S.R.L."" ABBREVIABIL";Forli';FC;€ 1'411'261;2023-05-18
TONINO SETOLA - COOPERATIVA SOCIALE - O.N.L.U;Forli';FC;€ 1'410'292;2023-05-18
SIMPA S.R.L.;Forli';FC;€ 1'407'918;2023-05-18
ECOLINE S.R.L.;Forli';FC;€ 1'404'244;2023-05-18
EMILGHISA - S.R.L.;Forli';FC;€ 1'401'929;2023-05-18
OFFICINA AROMATICA S.R.L.;Forli';FC;€ 1'398'908;2023-05-18
SANTA CHIARA S.R.L.;Forli';FC;€ 1'397'314;2023-05-18
CABEC SRL;Forli';FC;€ 1'394'010;2023-05-18
LA PALMESIANI SRL - SOCIETA' A RESPONSABILITA;Forli';FC;€ 1'393'840;2023-05-18
ARVISA S.R.L.;Forli';FC;€ 1'391'947;2023-05-18
TORNOMEC S.R.L.;Forli';FC;€ 1'391'154;2023-05-18
A.S.S.O. S.R.L.;Forli';FC;€ 1'387'739;2023-05-18
FARMACIA CAGLI S.R.L.;Forli';FC;€ 1'386'860;2023-05-18
VI.VI.A. SRL;Forli';FC;€ 1'384'027;2023-05-18
PANIFICIO E PASTICCERIA ROMAGNA S.R.L.;Forli';FC;€ 1'376'512;2023-05-18
PROCOM SERVICE SRL;Forli';FC;€ 1'375'233;2023-05-18
A.T.F. SOCIETA' COOPERATIVA ARTIGIANA;Forli';FC;€ 1'357'561;2023-05-18
GARAVINI IMPIANTI S.R.L.;Forli';FC;€ 1'356'910;2023-05-18
SERVIZI INDUSTRIALI - SOCIETA' CONSORTILE A R;Forli';FC;€ 1'351'610;2023-05-18
CASTELLINI FELICE S.R.L.;Forli';FC;€ 1'346'816;2023-05-18
ROSSI S.R.L. TRASPORTI ECCEZIONALI E SOLLEVAM;Forli';FC;€ 1'345'020;2023-05-18
SOCIETA' COOPERATIVA FACCHINI E TRASPORTI - A;Forli';FC;€ 1'328'890;2023-05-18
SOLIMAR - S.R.L.;Forli';FC;€ 1'327'592;2023-05-18
ECOHOUSE S.R.L.;Forli';FC;€ 1'323'707;2023-05-18
RODEL S.R.L.;Forli';FC;€ 1'320'989;2023-05-18
ELE.M. IMPIANTI S.R.L.;Forli';FC;€ 1'319'755;2023-05-18
PONI GIOVANNI CATERING SRL;Forli';FC;€ 1'309'978;2023-05-18
S.T.S. - CERTIFICAZIONI S.R.L.;Forli';FC;€ 1'304'623;2023-05-18
RIPARCAR S.R.L.;Forli';FC;€ 1'303'749;2023-05-18
MEDICOOP FC FORLI'- CESENA - SOCIETA' COOPERA;Cesena;FC;€ 1'294'561;2023-05-18
MECCANICA FUTURA S.R.L.;Forli';FC;€ 1'293'287;2023-05-18
AUTOTRASPORTI C.T. CORTICCHIA S.R.L.;Forli';FC;€ 1'287'787;2023-05-18
OUTDOOR S.R.L.;Forli';FC;€ 1'286'255;2023-05-18
TEIKOS SOLUTIONS S.R.L.;Forli';FC;€ 1'284'285;2023-05-18
DIALOGOS SOCIETA' COOPERATIVA SOCIALE;Forli';FC;€ 1'283'983;2023-05-18
B.M. AUTOSPORT S.R.L.;Forli';FC;€ 1'281'400;2023-05-18
CONSORZIO ROMAGNOLO POSATORI ARTIGIANI - SOCI;Forli';FC;€ 1'280'380;2023-05-18
IMPRESA POMPE FUNEBRI POMPEO GOBERTI S.R.L.;Forli';FC;€ 1'276'176;2023-05-18
CAMA S.R.L.;Forli';FC;€ 1'268'917;2023-05-18
IMMOBILIARE BELVEDERE S.R.L.;Forli';FC;€ 1'267'500;2023-05-18
TAB CART - S.R.L.;Forli';FC;€ 1'257'381;2023-05-18
SAMES 2 S.R.L. SOCIETA' A RESPONSABILITA' LIM;Forli';FC;€ 1'253'419;2023-05-18
MULTIMEDIA SOCIETA' A RESPONSABILITA' LIMITAT;Forli';FC;€ 1'251'917;2023-05-18
EVERCLIMA S.N.C. DI MORDENTI E C. - IN LIQUID;Forli';FC;€ 1'251'701;2023-05-18
IMMOBILIARE ARCHIMEDE SRL;Forli';FC;€ 1'250'000;2023-05-18
GUERNACCINI - SOCIETA' A RESPONSABILITA' LIMI;Forli';FC;€ 1'246'390;2023-05-18
AUTOSPURGO FORLIVESE S.R.L.;Forli';FC;€ 1'243'195;2023-05-18
PROGETTO ROMAGNA S.R.L.;Forli';FC;€ 1'232'945;2023-05-18
F.LLI CRISTOFANI S.R.L.;Forli';FC;€ 1'224'267;2023-05-18
FORMULA CONSORZIO;Forli';FC;€ 1'216'863;2023-05-18
INFIXA S.R.L.;Forli';FC;€ 1'216'320;2023-05-18
RIMINI GEST S.R.L.;Forli';FC;€ 1'213'350;2023-05-18
CAVALIERI SECURITY S.R.L.;Forli';FC;€ 1'211'941;2023-05-18
EFFEDI GRAFICA & STAMPA SRL;Forli';FC;€ 1'202'757;2023-05-18
CAMPOELETTRICO S.R.L.;Forli';FC;€ 1'191'483;2023-05-18
ARDEA S.R.L.;Forli';FC;€ 1'184'587;2023-05-18
CENTRO FIERA S.R.L.;Forli';FC;€ 1'179'807;2023-05-18
EUROFOR - S.R.L.;Forli';FC;€ 1'174'837;2023-05-18
RFID360 S.R.L.;Forli';FC;€ 1'173'404;2023-05-18
NIK - S.R.L.;Forli';FC;€ 1'171'353;2023-05-18
ROMAGNA TECH SOCIETA CONSORTILE PER AZIONI;Forli';FC;€ 1'170'878;2023-05-18
TRASPHARMA SOCIETA' COOPERATIVA;Forli';FC;€ 1'169'271;2023-05-18
L'ITALIANO S.R.L.;Forli';FC;€ 1'167'731;2023-05-18
AGRIFUTURO - SOCIETA' COOPERATIVA A MUTUALITA;Forli';FC;€ 1'164'764;2023-05-18
CENTRO DI ASSISTENZA TECNICA - ASCOM SERVIZI;Forli';FC;€ 1'162'973;2023-05-18
CROCIANI COSTRUZIONI S.R.L.;Forli';FC;€ 1'160'598;2023-05-18
ASPEX S.R.L.;Forli';FC;€ 1'159'083;2023-05-18
CDS ITALIAN WINE S.R.L.;Forli';FC;€ 1'158'090;2023-05-18
PUNTA SPORT S.R.L. - IN LIQUIDAZIONE;Forli';FC;€ 1'156'879;2023-05-18
NITROCOLOR FORLI' S.R.L.;Forli';FC;€ 1'152'684;2023-05-18
GENERAL TRADE & SERVICE S.R.L.;Forli';FC;€ 1'150'672;2023-05-18
CLUB HOTEL ANCORA S.R.L.;Forli';FC;€ 1'150'228;2023-05-18
PACKAGING M.P.Z. S.R.L.;Forli';FC;€ 1'149'134;2023-05-18
LARA-SERVICE S.R.L.;Forli';FC;€ 1'139'408;2023-05-18
"""COMPLET EDILPREF SRL"".";Forli';FC;€ 1'138'360;2023-05-18
ART - ESPANSI S.R.L.;Forli';FC;€ 1'134'354;2023-05-18
ROMAGNOLI GIAMPAOLO S.R.L.;Forli';FC;€ 1'132'937;2023-05-18
PAREQUATION 2 S.R.L. - IN LIQUIDAZIONE;Forli';FC;€ 1'128'000;2023-05-18
STC GROUP S.R.L.;Forli';FC;€ 1'125'672;2023-05-18
DUGHERA ASSICURAZIONI GROUP S.R.L.;Forli';FC;€ 1'124'707;2023-05-18
RMP RECUPERI SRL;Forli';FC;€ 1'120'667;2023-05-18
NT LAMIERE S.R.L.;Forli';FC;€ 1'120'152;2023-05-18
T-W FORLI' SOCIETA' A RESPONSABILITA' LIMITAT;Forli';FC;€ 1'116'922;2023-05-18
GENERAL STAMPI ATTREZZATURE - S.R.L.;Forli';FC;€ 1'115'839;2023-05-18
ITAL4MEC SRL;Forli';FC;€ 1'107'496;2023-05-18
S.I.A.FIN. S.R.L.;Forli';FC;€ 1'105'554;2023-05-18
MARIOTTI & C. S.R.L.;Forli';FC;€ 1'101'865;2023-05-18
REDGREY S.R.L.;Forli';FC;€ 1'101'855;2023-05-18
ZOE ABBIGLIAMENTO S.R.L.;Forli';FC;€ 1'098'372;2023-05-18
TECNONASTRI.COM SOCIETA' A RESPONSABILITA' LI;Forli';FC;€ 1'097'979;2023-05-18
EBANISTERIA FORLIVESE S.R.L.;Forli';FC;€ 1'090'895;2023-05-18
FOURLIVE S.R.L.;Forli';FC;€ 1'090'409;2023-05-18
GS.PHIL SRL SEMPLIFICATA;Forli';FC;€ 1'079'376;2023-05-18
F.A.L.M. COSTRUZIONI METALLICHE SRL;Forli';FC;€ 1'077'610;2023-05-18
COOPERATIVA VERNICIATORI GIA' SARDI - CO.VE.S;Forli';FC;€ 1'074'869;2023-05-18
ARREDAMENTI PERUGINI S.R.L.;Forli';FC;€ 1'070'702;2023-05-18
AGRIENERGY SOCIETA' AGRICOLA - S.R.L.;Forli';FC;€ 1'067'685;2023-05-18
AGRIATICA SERVIZI SRL;Forli';FC;€ 1'067'356;2023-05-18
R.G.M. IMPIANTI S.R.L.;Forli';FC;€ 1'066'921;2023-05-18
PELLESMART S.R.L.;Forli';FC;€ 1'060'804;2023-05-18
VALPIANI INFISSI S.R.L.;Forli';FC;€ 1'060'074;2023-05-18
BETS S.R.L.;Forli';FC;€ 1'058'579;2023-05-18
XIMPLIA SOCIETA' A RESPONSABILITA' LIMITATA;Forli';FC;€ 1'053'138;2023-05-18
FB EUROPEAN COMPANY S.R.L.;Forli';FC;€ 1'051'596;2023-05-18
BOLOGNA GEST S.R.L.;Forli';FC;€ 1'046'214;2023-05-18
LA.PO. SRL - SOCIETA' A RESPONSABILITA' LIMIT;Forli';FC;€ 1'044'802;2023-05-18
DEADEMA SRL;Forli';FC;€ 1'042'824;2023-05-18
MALUCELLI S.R.L.;Forli';FC;€ 1'042'195;2023-05-18
SALVIGNI TELONI S.R.L.;Forli';FC;€ 1'039'980;2023-05-18
NATLIVE S.R.L.;Forli';FC;€ 1'034'983;2023-05-18
ARTE E RICAMO S.R.L.;Forli';FC;€ 1'032'949;2023-05-18
TOWER S.R.L.;Forli';FC;€ 1'030'746;2023-05-18
Q-ID S.R.L. IN LIQUIDAZIONE;Forli';FC;€ 1'028'443;2023-05-18
AZZOLINA E GOZZI S.R.L.;Forli';FC;€ 1'024'465;2023-05-18
LA DOLCE VITA S.R.L.;Forli';FC;€ 1'019'555;2023-05-18
GROMA ENGINEERING SRL;Forli';FC;€ 1'015'628;2023-05-18
T-CONSULTING S.R.L.;Forli';FC;€ 1'012'562;2023-05-18
LA VIAGGIA S.R.L.;Forli';FC;€ 1'009'839;2023-05-18
CRONOS IMPIANTI SRL;Forli';FC;€ 1'005'998;2023-05-18
BM INFORMATICA S.R.L.;Forli';FC;€ 1'005'548;2023-05-18
FORLI' LUCE SERVIZI S.R.L.;Forli';FC;€ 1'004'578;2023-05-18
AGATHIS SOCIETA' COOPERATIVA IN LIQUIDAZIONE;Forli';FC;€ 1'004'304;2023-05-18
VET MEDICAL S.R.L.;Forli';FC;€ 997'816;2023-05-18
CEIF SOCIETA' COOPERATIVA - IN LIQUIDAZIONE;Forli';FC;€ 995'448;2023-05-18
TOKITA SOCIETA' AGRICOLA SRL;Forli';FC;€ 988'673;2023-05-18
CAPOLUPO INNOVAZIONI S.R.L.;Forli';FC;€ 981'498;2023-05-18
FOODRINKS S.R.L.;Forli';FC;€ 980'945;2023-05-18
PARQUET ROMAGNA SOCIETA' A RESPONSABILITA' LI;Forli';FC;€ 979'303;2023-05-18
TIRRENO S.R.L.;Forli';FC;€ 975'217;2023-05-18
MOLINO VILLA ROMITI - S.R.L.;Forli';FC;€ 973'928;2023-05-18
GEA S.R.L.;Forli';FC;€ 970'446;2023-05-18
JUMP GROUP SRL;Forli';FC;€ 963'181;2023-05-18
STUDIO TEMA S.R.L.;Forli';FC;€ 961'744;2023-05-18
ZINCATURA BRAVI S.R.L.;Forli';FC;€ 958'670;2023-05-18
N.C. AUTO S.R.L.;Forli';FC;€ 957'349;2023-05-18
GIOCALAND S.R.L.;Forli';FC;€ 955'430;2023-05-18
BUSCHERINI MOTO RACING SOCIETA' A RESPONSABIL;Forli';FC;€ 952'716;2023-05-18
FRATELLI ROMUALDI MASTRI BOTTAI S.R.L.;Forli';FC;€ 952'044;2023-05-18
CROCI SERVIZI IMMOBILIARI S.R.L;Forli';FC;€ 951'206;2023-05-18
RIPLASTICA SRL;Forli';FC;€ 950'164;2023-05-18
VIAREGGIO GEST SRL;Forli';FC;€ 950'135;2023-05-18
B.S.R. S.R.L.;Forli';FC;€ 949'187;2023-05-18
SCARDOVI SANDRO & C. - S.R.L.;Forli';FC;€ 947'680;2023-05-18
NUOVA BIEMME - S.R.L.;Forli';FC;€ 947'223;2023-05-18
OMBRARREDA S.R.L.;Forli';FC;€ 944'008;2023-05-18
IMMOBILIARE NIKOLAS S.R.L.;Forli';FC;€ 939'358;2023-05-18
ELETTROQUADRI FORLI' S.R.L.;Forli';FC;€ 935'758;2023-05-18
ALESSANDRO SQUARZI S.R.L.;Forli';FC;€ 935'476;2023-05-18
PALLACANESTRO 2.015 SOCIETA' DILETTANTISTICA;Forli';FC;€ 935'194;2023-05-18
GI.ELLE.IMMOBILIARE S.R.L. IN LIQUIDAZIONE;Forli';FC;€ 928'000;2023-05-18
ROMAGNA PANNELLI TRADE S.R.L.;Forli';FC;€ 927'973;2023-05-18
LUZ - S.R.L.;Forli';FC;€ 926'906;2023-05-18
BLU 2016 S.R.L.;Forli';FC;€ 923'800;2023-05-18
FASHION INK S.R.L.;Forli';FC;€ 921'957;2023-05-18
LIFE SOCIETA' A RESPONSABILITA' LIMITATA SEMP;Forli';FC;€ 917'355;2023-05-18
JUMP S.R.L.;Forli';FC;€ 915'932;2023-05-18
SOCIETA' AGRICOLA IL POGGIO S.R.L.;Forli';FC;€ 909'674;2023-05-18
SPAZIO DESIGN S.R.L.;Forli';FC;€ 908'339;2023-05-18
MARCO & VITO S.R.L.;Forli';FC;€ 908'151;2023-05-18
L'ANTICA CASCINA SERVICE S.R.L.;Forli';FC;€ 908'071;2023-05-18
CHEF SERVICE DI PIRACCINI E ROSSI S.R.L.;Forli';FC;€ 905'209;2023-05-18
FARMACIA SCHIBUOLA S.R.L.;Forli';FC;€ 904'756;2023-05-18
DIVANI ISRA SRL;Forli';FC;€ 902'005;2023-05-18
EDILZENA S.R.L. - IN LIQUIDAZIONE;Forli';FC;€ 900'128;2023-05-18
STEEL POOL - S.R.L.;Forli';FC;€ 897'175;2023-05-18
FORLI' GRANDI IMPIANTI S.R.L.;Forli';FC;€ 896'282;2023-05-18
UNICANTIERI SRL;Forli';FC;€ 894'340;2023-05-18
INFISSI E METALLI S.R.L.;Forli';FC;€ 889'740;2023-05-18
T.R. TURONI S.R.L.;Forli';FC;€ 889'538;2023-05-18
SAN MARCO IMMOBILIARE S.R.L.;Forli';FC;€ 888'842;2023-05-18
EMME TRE SRL;Forli';FC;€ 886'659;2023-05-18
LITOCARTOTECNICA CITIENNE S.R.L.;Forli';FC;€ 886'168;2023-05-18
GET S.R.L.;Forli';FC;€ 885'940;2023-05-18
VIDA S.R.L.;Forli';FC;€ 885'075;2023-05-18
A.G. MOMMY & DADDY SRL;Forli';FC;€ 881'681;2023-05-18
CPIE SRL;Forli';FC;€ 879'071;2023-05-18
ISOFOND S.R.L.;Forli';FC;€ 875'440;2023-05-18
LE TRE VU S.R.L.;Forli';FC;€ 874'367;2023-05-18
A.F.A. - ASSOCIAZIONE FORLIVESE APICOLTORI -;Forli';FC;€ 872'201;2023-05-18
3E IMPIANTI SOCIETA' COOPERATIVA;Forli';FC;€ 870'273;2023-05-18
AVICOLA SERVIZI SRL;Forli';FC;€ 869'569;2023-05-18
FORLI' SERVICE SRL IN LIQUIDAZIONE;Forli';FC;€ 867'119;2023-05-18
GF SRL;Forli';FC;€ 866'584;2023-05-18
CASA+ SOCIETA' COOPERATIVA;Forli';FC;€ 865'532;2023-05-18
PISCINAE SOCIETA' SPORTIVA DILETTANTISTICA A;Forli';FC;€ 863'517;2023-05-18
ARTE EDIL S.R.L.;Forli';FC;€ 863'516;2023-05-18
NUOVE ACCOGLIENZE SOCIETA' COOPERATIVA SOCIAL;Forli';FC;€ 863'012;2023-05-18
CINOX S.R.L.;Forli';FC;€ 860'745;2023-05-18
LATTONERIA ADRIATICA SRL;Forli';FC;€ 859'261;2023-05-18
ROMAGNOLI GROUP S.P.A.;Forli';FC;€ 855'606;2023-05-18
VAUTOHOME S.R.L;Forli';FC;€ 853'916;2023-05-18
SOCIETA' DECORATORI FORLIVESI SRL;Forli';FC;€ 851'693;2023-05-18
SERVIZI INTEGRATI D'AREA - SER.IN.AR. - FORLI;Forli';FC;€ 846'809;2023-05-18
ADRIATICA SERVICE SRL;Forli';FC;€ 844'209;2023-05-18
NUOVA EUROSALD S.R.L.;Forli';FC;€ 843'072;2023-05-18
CENTRO ODONTOIATRICO BERTINI DI VICCHI & ASSO;Forli';FC;€ 842'084;2023-05-18
BERTONI S.R.L.;Forli';FC;€ 839'413;2023-05-18
CENTRO DENTALE EMMEDUE SRL;Forli';FC;€ 839'037;2023-05-18
EMMEPIU' SOCIETA' A RESPONSABILITA' LIMITATA;Forli';FC;€ 838'891;2023-05-18
ISOLAN SRL;Forli';FC;€ 837'973;2023-05-18
METAL-FIAMM S.R.L.;Forli';FC;€ 836'878;2023-05-18
GF - RIGOR S.R.L.;Forli';FC;€ 832'858;2023-05-18
IMMOBILIARE DMU SRL;Forli';FC;€ 832'728;2023-05-18
INCERTI GIANCARLO SOCIETA' A RESPONSABILITA';Forli';FC;€ 829'643;2023-05-18
ESSECUBE S.R.L.;Forli';FC;€ 829'257;2023-05-18
FERROMEK SRL IN LIQUIDAZIONE;Forli';FC;€ 825'116;2023-05-18
SPORT ITALIA - S.R.L.;Forli';FC;€ 821'828;2023-05-18
CAMPANELLA GESTIONI S.R.L.;Forli';FC;€ 821'268;2023-05-18
S.T.A. S.R.L.;Forli';FC;€ 819'204;2023-05-18
I FORNAI S.R.L.;Forli';FC;€ 818'591;2023-05-18
CENTROSCARPA - S.R.L.;Forli';FC;€ 817'864;2023-05-18
BLACKSMITH POWER SOC. COOP. A R.L.;Forli';FC;€ 815'686;2023-05-18
GALACTICA S.R.L.;Forli';FC;€ 815'455;2023-05-18
TECNOMEC TECHNOLOGY S.R.L.;Forli';FC;€ 813'205;2023-05-18
BM ITALIA S.R.L.;Forli';FC;€ 809'491;2023-05-18
E.DENTICA SRL;Forli';FC;€ 808'368;2023-05-18
MOMO SRL;Forli';FC;€ 801'633;2023-05-18
CHIODINO - S.R.L.;Forli';FC;€ 801'053;2023-05-18
S.A.C.E.M. S.R.L.;Forli';FC;€ 799'641;2023-05-18
METAL MANIA SOCIETA' COOPERATIVA;Forli';FC;€ 797'100;2023-05-18
FAROLFI ARREDAMENTI S.R.L.;Forli';FC;€ 795'837;2023-05-18
CAMORCIA ASCENSORI S.R.L.;Forli';FC;€ 795'772;2023-05-18
OFFICINA MECCANICA SARTINI S.R.L.;Forli';FC;€ 792'394;2023-05-18
M.C. COSTRUZIONI S.R.L.;Forli';FC;€ 790'958;2023-05-18
LEGATORIA EDITORIALE BERTI S.R.L. IN LIQUIDAZ;Forli';FC;€ 788'668;2023-05-18
LETTISSIMI SRL;Forli';FC;€ 788'284;2023-05-18
PROGEO S.R.L.;Forli';FC;€ 788'270;2023-05-18
4VIDA SRL;Forli';FC;€ 785'235;2023-05-18
TETRIS - SOCIETA' A RESPONSABILITA' LIMITATA;Forli';FC;€ 783'580;2023-05-18
G.R. AUTOMAZIONI SRL;Forli';FC;€ 782'672;2023-05-18
ESOTECH SRL;Forli';FC;€ 778'983;2023-05-18
LE BUONE PROPOSTE - S.R.L.;Forli';FC;€ 777'211;2023-05-18
I.P.F. CAMPORESI S.R.L.;Forli';FC;€ 772'085;2023-05-18
BERTACCINI E MATTEUCCI - S.R.L.;Forli';FC;€ 769'114;2023-05-18
PROGETTI E SERVIZI ITALIA - SOCIETA' COOPERAT;Forli';FC;€ 768'884;2023-05-18
TECNICAF - SOCIETA' A RESPONSABILITA' LIMITAT;Forli';FC;€ 767'356;2023-05-18
GARIBALDI 100 S.R.L.;Forli';FC;€ 765'000;2023-05-18
ALESSANDRINI HOME S.R.L.;Forli';FC;€ 760'874;2023-05-18
RE DI FIORI SOCIETA' A RESPONSABILITA' LIMITA;Forli';FC;€ 760'426;2023-05-18
GIMELLI 2.0 SOCIETA' A RESPONSABILITA' LIMITA;Forli';FC;€ 758'966;2023-05-18
LE GAMBERI FOODS S.R.L.;Forli';FC;€ 758'632;2023-05-18
SINERGIE CONSULTING S.R.L.;Forli';FC;€ 755'052;2023-05-18
EDILGATTEO S.R.L.;Forli';FC;€ 754'788;2023-05-18
POLETTI S.R.L.;Forli';FC;€ 754'156;2023-05-18
LABASE REVISIONI S.R.L.;Forli';FC;€ 748'843;2023-05-18
LOMBINI MORENO S.R.L.;Forli';FC;€ 748'594;2023-05-18
A.S. L'ARTE DEL SERVIZIO S.R.L.;Forli';FC;€ 747'973;2023-05-18
TEAM EDILE SOCIETA' A RESPONSABILITA' LIMITAT;Forli';FC;€ 745'087;2023-05-18
U.G.N. ROMAGNA S.R.L.;Forli';FC;€ 741'519;2023-05-18
F.LLI GREGORI S.R.L.;Forli';FC;€ 741'090;2023-05-18
SOMMAPACK S.R.L.;Forli';FC;€ 740'302;2023-05-18
IM.CO S.R.L.;Forli';FC;€ 740'000;2023-05-18
METALBASE - SOCIETA' A RESPONSABILITA' LIMITA;Forli';FC;€ 738'938;2023-05-18
C.S.F. - COOPERATIVA SERVIZI FORLIVESE SOCIET;Forli';FC;€ 736'665;2023-05-18
SELA CARS S.R.L.;Forli';FC;€ 734'501;2023-05-18
ELFOR S.R.L.;Forli';FC;€ 733'816;2023-05-18
ALL TIME LEATHER SRL;Forli';FC;€ 732'764;2023-05-18
C. & C. CARTONGESSO S.R.L.;Forli';FC;€ 732'184;2023-05-18
EMMEDUE S.R.L.;Forli';FC;€ 726'836;2023-05-18
COSME SOCIETA' COOPERATIVA;Forli';FC;€ 726'071;2023-05-18
CREAD SOFTWARE S.R.L.;Forli';FC;€ 725'009;2023-05-18
HERRNBR?U ITALIA S.R.L.;Forli';FC;€ 717'686;2023-05-18
COOPERATIVA SOCIALE E.L.C.A.S. SOCIETA' COOPE;Forli';FC;€ 716'965;2023-05-18
NEW PLANT SOCIETA' CONSORTILE AGRICOLA A RESP;Forli';FC;€ 714'511;2023-05-18
VETRERIA BONDI SRL;Forli';FC;€ 713'432;2023-05-18
FRATELLI LUCA' CONSULTING S.R.L.;Forli';FC;€ 710'577;2023-05-18
KENDA S.R.L.;Forli';FC;€ 709'141;2023-05-18
FEME 2018 SRL;Forli';FC;€ 708'000;2023-05-18
ERMIONE S.R.L.;Forli';FC;€ 707'131;2023-05-18
COOPERDIEM - SERVIZI ALLE IMPRESE - SOCIETA';Forli';FC;€ 700'233;2023-05-18
MVR S.R.L.;Forli';FC;€ 700'224;2023-05-18
FIERA DI FORLI' - S.R.L.;Forli';FC;€ 697'417;2023-05-18
UNISEL SRL;Forli';FC;€ 697'324;2023-05-18
F.A. S.R.L.;Forli';FC;€ 688'782;2023-05-18
CONSULENZAAGRICOLA.IT S.R.L.;Forli';FC;€ 688'231;2023-05-18
LE QUERCE S.R.L.;Forli';FC;€ 687'864;2023-05-18
SAN VARANO MARKET S.R.L.;Forli';FC;€ 686'853;2023-05-18
AXTERISCO S.R.L.;Forli';FC;€ 686'446;2023-05-18
IMMOBILIARE VALCONCA MORCIANO SRL;Forli';FC;€ 685'163;2023-05-18
IDESCO S.R.L.;Forli';FC;€ 683'636;2023-05-18
RENOVATE ENERGY S.R.L.;Forli';FC;€ 683'470;2023-05-18
DORMIBEL S.R.L.;Forli';FC;€ 682'409;2023-05-18
RC FORLI' S.R.L.;Forli';FC;€ 678'552;2023-05-18
DUERUOTEFORLI' S.R.L.S.;Forli';FC;€ 676'893;2023-05-18
TECNOIMPIANTI DI CONTOLI - S.R.L.;Forli';FC;€ 676'646;2023-05-18
NERI ODONTOTECNICA SOCIETA' A RESPONSABILITA';Forli';FC;€ 676'133;2023-05-18
VIAZOIL SRL;Forli';FC;€ 674'784;2023-05-18
P.M. PAVIMENTAZIONI INDUSTRIALI S.R.L.;Forli';FC;€ 673'933;2023-05-18
CASTA SERVICE SRL;Forli';FC;€ 673'753;2023-05-18
DOUBLE P S.R.L.;Forli';FC;€ 672'996;2023-05-18
BIOLAB SOLUTION SOCIETA' A RESPONSABILITA' LI;Forli';FC;€ 672'684;2023-05-18
DUE PONTI IMMOBILIARE S.R.L.;Forli';FC;€ 671'500;2023-05-18
P.B. S.R.L.;Forli';FC;€ 669'999;2023-05-18
PEDOZZI S.R.L.;Forli';FC;€ 665'426;2023-05-18
REINTEGRA S.R.L.;Forli';FC;€ 664'794;2023-05-18
SISTEMI WIFI S.R.L.;Forli';FC;€ 664'396;2023-05-18
IPPOCRAT S.R.L. SOCIETA' TRA PROFESSIONISTI;Forli';FC;€ 664'039;2023-05-18
IMPRESA EDILE NEW YORK S.R.L.;Forli';FC;€ 662'427;2023-05-18
SD SERVICE S.R.L.;Forli';FC;€ 661'856;2023-05-18
C.A.M. S.R.L.;Forli';FC;€ 659'657;2023-05-18
SOLE NASCENTE S.R.L.;Forli';FC;€ 654'463;2023-05-18
CARROZZERIA NERI S.R.L.;Forli';FC;€ 652'413;2023-05-18
FAST WHEELS S.R.L.;Forli';FC;€ 651'179;2023-05-18
M M S - S.R.L.;Forli';FC;€ 651'000;2023-05-18
SALES & SERVICE SOCIETA' COOPERATIVA;Forli';FC;€ 650'460;2023-05-18
AUTOTRASPORTI VA.LE SRL;Forli';FC;€ 649'910;2023-05-18
RI.VA. SRL;Forli';FC;€ 648'606;2023-05-18
ECOVAL S.R.L.;Forli';FC;€ 648'259;2023-05-18
OPERA COSTRUZIONI IMMOBILIARI S.R.L.;Forli';FC;€ 648'000;2023-05-18
TEKNOLOGICA S.R.L.;Forli';FC;€ 647'961;2023-05-18
C.R.O.S.-CENTRO SOCIALE ROMAGNOLO DI ODONTOIA;Forli';FC;€ 645'781;2023-05-18
REABILITA SPORT TECH SRL;Forli';FC;€ 644'974;2023-05-18
BIFOR SRL;Forli';FC;€ 643'843;2023-05-18
FERRINI POULTRY FARM S.R.L.;Forli';FC;€ 643'513;2023-05-18
EUROSALOTTI SRL;Forli';FC;€ 639'191;2023-05-18
A.C.L.I. SERVICE FORLI' - CESENA S.R.L.;Forli';FC;€ 638'303;2023-05-18
NORUMORE SRL;Forli';FC;€ 637'790;2023-05-18
CRYN INTERIORS S.R.L.;Forli';FC;€ 637'605;2023-05-18
BA.SE. S.R.L.;Forli';FC;€ 637'397;2023-05-18
CALAFOMA S.R.L. SOCIETA' AGRICOLA;Forli';FC;€ 637'006;2023-05-18
SMART DIFFUSION S.R.L.;Forli';FC;€ 634'803;2023-05-18
COMINO ENERGIA SRL;Forli';FC;€ 632'574;2023-05-18
TECNO - STAMP S.R.L.;Forli';FC;€ 632'246;2023-05-18
COOPERATIVA SOCIALE BUTTERFLY ONLUS;Forli';FC;€ 626'601;2023-05-18
WORK CENTER - S.R.L.;Forli';FC;€ 625'323;2023-05-18
PALMA REAL ESTATE SRL IN LIQUIDAZIONE;Forli';FC;€ 625'028;2023-05-18
KEOPE S.R.L.;Forli';FC;€ 624'095;2023-05-18
THE GREEN HOUSE S.R.L.;Forli';FC;€ 624'052;2023-05-18
SUNSET SOCIETA' COOPERATIVA;Forli';FC;€ 623'877;2023-05-18
PROGRAMMA IMMAGINE - SOCIETA' A RESPONSABILIT;Forli';FC;€ 623'782;2023-05-18
I.T.S. SRL;Forli';FC;€ 623'497;2023-05-18
IL LOTO SOCIETA' A RESPONSABILITA' LIMITATA S;Forli';FC;€ 621'814;2023-05-18
COGEST S.R.L.;Forli';FC;€ 620'352;2023-05-18
B.P. DUE S.R.L. IN LIQUIDAZIONE;Forli';FC;€ 620'000;2023-05-18
EDILFUTURE SRL;Forli';FC;€ 619'900;2023-05-18
EPTAPHYSIO SOCIETA' COOPERATIVA;Forli';FC;€ 616'458;2023-05-18
EDIL N.A. & A. SOCIETA' A RESPONSABILITA' LIM;Forli';FC;€ 615'625;2023-05-18
ISOLPHONE DELTA S.R.L.;Forli';FC;€ 615'360;2023-05-18
NUOVA GV SOCIETA' A RESPONSABILITA' LIMITATA;Forli';FC;€ 611'148;2023-05-18
IMMOBILIARE AZETA - S.R.L.;Forli';FC;€ 610'731;2023-05-18
IDEA PUBBLICITA' S.R.L.;Forli';FC;€ 609'935;2023-05-18
2 EFFE S.A.S. DI GIACOBBO FRANCESCO E C.;Forli';FC;€ 605'834;2023-05-18
C.I.D.A.M. - COOPERATIVA ISTRUTTORI DELLE AUT;Forli';FC;€ 605'717;2023-05-18
ITA S.R.L.;Forli';FC;€ 605'670;2023-05-18
EDILMONICA S.R.L.;Forli';FC;€ 605'000;2023-05-18
M.C.M. SRL;Forli';FC;€ 603'633;2023-05-18
IN-ECOAMBIENTE S.R.L.;Forli';FC;€ 603'563;2023-05-18
R.P. INFISSI S.R.L.;Forli';FC;€ 602'896;2023-05-18
GUARDIGLI GROUP SRL;Forli';FC;€ 602'158;2023-05-18
CNA FORMAZIONE FORLI' - CESENA S.C. A R.L.;Forli';FC;€ 599'694;2023-05-18
SB COMMUNICATION SRLS;Forli';FC;€ 597'976;2023-05-18
GARILUPA SRL;Forli';FC;€ 595'065;2023-05-18
IMMOBILIARE STEFANIA S.R.L.;Forli';FC;€ 594'910;2023-05-18
FOTOSINTESI 2 S.R.L.;Forli';FC;€ 593'698;2023-05-18
FORLI' TANK FACTORY SOCIETA' COOPERATIVA;Forli';FC;€ 592'710;2023-05-18
ITALIAN MANAGERS GROUP SPORTS S.R.L.;Forli';FC;€ 592'611;2023-05-18
CNA IMMOBILIARE FORLI'-CESENA S.R.L.;Forli';FC;€ 592'233;2023-05-18
BENELLI ASSICURAZIONI S.R.L.;Forli';FC;€ 591'648;2023-05-18
I.M. PROGET - S.R.L.;Forli';FC;€ 591'474;2023-05-18
DM SERVICE S.R.L.;Forli';FC;€ 590'882;2023-05-18
FARMACIA CARPENA S.R.L.;Forli';FC;€ 589'273;2023-05-18
NICE IMMOBILIARE S.R.L.;Forli';FC;€ 588'624;2023-05-18
SINTAGMA S.R.L.;Forli';FC;€ 587'068;2023-05-18
GRIFONDORO S.R.L.;Forli';FC;€ 585'701;2023-05-18
E.R. VIS TECH. SRL;Forli';FC;€ 582'803;2023-05-18
INCARTI S.R.L.;Forli';FC;€ 582'672;2023-05-18
EPA S.R.L.;Forli';FC;€ 580'894;2023-05-18
IMMOBILIARE METROCUBO S.R.L.;Forli';FC;€ 579'907;2023-05-18
LU.NA. COSTRUZIONI S.R.L.;Forli';FC;€ 579'753;2023-05-18
EQUAMENTE COOPERATIVA SOCIALE;Forli';FC;€ 579'338;2023-05-18
VIGNOLI CONSULTING - SOCIETA' COOPERATIVA;Forli';FC;€ 579'000;2023-05-18
PAN - LIEV S.R.L.;Forli';FC;€ 576'262;2023-05-18
SPI 10 SRL;Forli';FC;€ 575'000;2023-05-18
AREATECNICA S.R.L.;Forli';FC;€ 572'783;2023-05-18
TECNOTRE PROJECT S.R.L.;Forli';FC;€ 568'804;2023-05-18
STC LAB SERVICE SRL;Forli';FC;€ 568'709;2023-05-18
ANTICA PASTICCERIA S.R.L.;Forli';FC;€ 568'194;2023-05-18
LELE S.R.L.;Forli';FC;€ 567'733;2023-05-18
NI.CO. CALZATURE S.R.L.;Forli';FC;€ 567'489;2023-05-18
D.R.M. SRL;Forli';FC;€ 567'322;2023-05-18
ACI-SERVICE FORLI' S.R.L.;Forli';FC;€ 565'233;2023-05-18
SERVIFOOD SOCIETA' A RESPONSABILITA' LIMITATA;Forli';FC;€ 564'904;2023-05-18
STAR PNEUS S.R.L.;Forli';FC;€ 563'484;2023-05-18
H.T.N. S.R.L.;Forli';FC;€ 562'969;2023-05-18
CICLOPHARM SOCIETA' CONSORTILE A R.L.;Forli';FC;€ 562'248;2023-05-18
PHOENIX SRL;Forli';FC;€ 561'596;2023-05-18
ZEROUNO SOLUTIONS S.R.L.;Forli';FC;€ 560'552;2023-05-18
JUMP SRL;Forli';FC;€ 559'836;2023-05-18
IL RICAMBIO - SOCIETA' A RESPONSABILITA' LIMI;Forli';FC;€ 556'328;2023-05-18
TUTTO INOX - S.R.L.;Forli';FC;€ 556'037;2023-05-18
PLASTIL IMBALLAGGI S.R.L.;Forli';FC;€ 555'074;2023-05-18
R&D TECH SRL;Forli';FC;€ 554'721;2023-05-18
ROMAGNA PLANTS S.R.L.;Forli';FC;€ 553'224;2023-05-18
CLIMA.PRO S.R.L.;Forli';FC;€ 552'917;2023-05-18
GF GROUP S.R.L.;Forli';FC;€ 552'353;2023-05-18
GENEFAST S.R.L.;Forli';FC;€ 552'100;2023-05-18
OLIVARI & GROSSI S.R.L.;Forli';FC;€ 552'042;2023-05-18
RISTORANTE PIZZERIA BUSCHERINI SRL;Forli';FC;€ 551'158;2023-05-18
BLUCAR S.R.L. IN LIQUIDAZIONE;Forli';FC;€ 550'168;2023-05-18
FRATELLI DEL TESTA - SOCIETA' A RESPONSABILIT;Forli';FC;€ 546'386;2023-05-18
MICHELANGELO - S.R.L.;Forli';FC;€ 545'485;2023-05-18
CO.E.BI. DI BISERNI RINALDO E STEFANO S.N.C.;Forli';FC;€ 545'150;2023-05-18
AL.PI. SOCIETA' A RESPONSABILITA' LIMITATA SE;Forli';FC;€ 541'857;2023-05-18
ONORANZE FUNEBRI LANDI S.R.L.;Forli';FC;€ 541'729;2023-05-18
DI J SALOTTI SOCIETA' A RESPONSABILITA' LIMIT;Forli';FC;€ 541'101;2023-05-18
LA TROTTOLA S.R.L.;Forli';FC;€ 539'576;2023-05-18
TECNOIMPIANTI SERVICE SRL;Forli';FC;€ 533'939;2023-05-18
ARENOLL S.R.L.;Forli';FC;€ 532'910;2023-05-18
RAS 2 S.R.L.;Forli';FC;€ 532'843;2023-05-18
AREADATI SRL;Forli';FC;€ 527'671;2023-05-18
PIERI VANNI S.R.L.;Forli';FC;€ 526'874;2023-05-18
TERMOIDRAULICA ROMAGNOLA S.R.L.;Forli';FC;€ 526'800;2023-05-18
AGROTER SERVIZI S.R.L.;Forli';FC;€ 523'000;2023-05-18
LABORFID S.R.L.UNIPERSONALE;Forli';FC;€ 522'960;2023-05-18
MS GIOCHI S.R.L.;Forli';FC;€ 521'949;2023-05-18
BIKESPLUS S.R.L.;Forli';FC;€ 521'287;2023-05-18
CENTRO TURBO S.R.L.;Forli';FC;€ 521'005;2023-05-18
B.M. INFISSI DI BEAULARDI & MONTANARI S.R.L.;Forli';FC;€ 520'951;2023-05-18
ESEDRA S.R.L.;Forli';FC;€ 518'500;2023-05-18
EBGAS S.R.L.;Forli';FC;€ 518'174;2023-05-18
DELTA - S.R.L.;Forli';FC;€ 517'346;2023-05-18
TARAS SOCIETA' COOPERATIVA;Forli';FC;€ 516'540;2023-05-18
PROGRAM A.RE.A. - S.R.L.;Forli';FC;€ 513'438;2023-05-18
GLULAM - S.R.L.;Forli';FC;€ 512'928;2023-05-18
SOLDINI & ASSOCIATI S.R.L.;Forli';FC;€ 512'629;2023-05-18
MECCANICA STANZANI S.R.L. - SOCIETA' A RESPON;Forli';FC;€ 509'940;2023-05-18
K & F GRUPPO S.R.L. IN LIQUIDAZIONE;Forli';FC;€ 507'826;2023-05-18
GIOCHI GALLIANO S.R.L.;Forli';FC;€ 507'405;2023-05-18
ERA FUNER S.R.L.;Forli';FC;€ 507'265;2023-05-18
CKB TRASPORTI SOCIETA' A RESPONSABILITA' LIMI;Forli';FC;€ 506'794;2023-05-18
IL GIARDINO DEI SAPORI SOCIETA' A RESPONSABIL;Forli';FC;€ 506'772;2023-05-18
MELAGUSTO S.R.L.;Forli';FC;€ 504'252;2023-05-18
ROMAGNA FIERE SOCIETA' A RESPONSABILITA' LIM;Forli';FC;€ 502'784;2023-05-18
